{"hidden_size": 240, "num_layers": 3, "dropout": 0.22722761304834024, "num_heads": 8, "lr": 0.00021531406363323354}